{
  "images" : [
    {
      "idiom" : "universal",
      "filename" : "SearchIcon.png",
      "scale" : "1x"
    },
    {
      "idiom" : "universal",
      "scale" : "1x",
      "graphics-feature-set" : "metal1v2"
    },
    {
      "idiom" : "universal",
      "filename" : "SearchIcon@2x.png",
      "scale" : "2x"
    },
    {
      "idiom" : "universal",
      "scale" : "2x",
      "graphics-feature-set" : "metal1v2"
    },
    {
      "idiom" : "universal",
      "filename" : "SearchIcon@3x.png",
      "scale" : "3x"
    },
    {
      "idiom" : "universal",
      "scale" : "3x",
      "graphics-feature-set" : "metal1v2"
    }
  ],
  "info" : {
    "version" : 1,
    "author" : "xcode"
  },
  "properties" : {
    "template-rendering-intent" : "template"
  }
}